<?xml version="1.0"?>
<project name="Sample NAnt for dynaTrace Tasks" basedir=".">
  <loadtasks assembly="dynaTrace.NANT.Task.dll" />

   <target name="StartRecording">
      <StartSessionRecordingTask SystemProfile="easyTravel" />
   </target>

   <target name="StopRecording">
      <StopSessionRecordingTask SystemProfile="easyTravel" />
   </target>

   <target name="RestartServer">
      <ServerServiceTask ServiceCommand="restart" ServerName="localhost" UserName="admin" Password="admin" />
   </target>

   <target name="ShutdownServer">
      <ServerServiceTask ServiceCommand="shutdown" ServerName="localhost" UserName="admin" Password="admin" />
   </target>

   <target name="StartupServer">
      <ServerServiceTask ServiceCommand="startup" ServerName="localhost" UserName="admin" Password="admin" />
   </target>

   <target name="ConfigureApplication">
      <ConfigureApplicationTask Executable="vstesthost.exe" Active="true" AgentName="VSTesting" />
   </target>
</project>